Zip_Code,City,Latitude,Longitude,Population
90001,Los Angeles,33.973616,-118.24902,54492
90002,Los Angeles,33.949255,-118.246978,44586
90003,Los Angeles,33.964131,-118.272783,58198
90004,Los Angeles,34.076259,-118.310715,67852
90005,Los Angeles,34.059281,-118.30742,43019
90006,Los Angeles,34.048013,-118.293953,62784
90007,Los Angeles,34.027337,-118.28515,45025
90008,Los Angeles,34.008293,-118.346766,30852
90010,Los Angeles,34.062125,-118.315709,1957
90011,Los Angeles,34.00709,-118.258681,101215
90012,Los Angeles,34.065875,-118.238728,30596
90013,Los Angeles,34.044639,-118.240413,9732
90014,Los Angeles,34.043144,-118.251977,3524
90015,Los Angeles,34.039224,-118.266293,15140
90016,Los Angeles,34.028331,-118.354338,46984
90017,Los Angeles,34.052842,-118.264495,20692
90018,Los Angeles,34.028735,-118.317236,47143
90019,Los Angeles,34.049841,-118.33846,67520
90020,,,,42394
90021,Los Angeles,34.029043,-118.239504,3012
90022,Los Angeles,34.02381,-118.156582,68701
90023,Los Angeles,34.017697,-118.200577,47487
90024,Los Angeles,34.066303,-118.435479,44150
90025,Los Angeles,34.046174,-118.446333,41175
90026,Los Angeles,34.078991,-118.263804,73686
90027,Los Angeles,34.127194,-118.295647,48727
90028,Los Angeles,34.099869,-118.326843,30568
90029,Los Angeles,34.089953,-118.294824,41713
90031,Los Angeles,34.085807,-118.206617,38415
90032,Los Angeles,34.078821,-118.177576,46960
90033,Los Angeles,34.050198,-118.210946,49431
90034,Los Angeles,34.030578,-118.399613,58218
90035,Los Angeles,34.051809,-118.383843,27799
90036,Los Angeles,34.070291,-118.349191,32901
90037,Los Angeles,34.002642,-118.287596,56709
90038,Los Angeles,34.088017,-118.327168,32562
90039,Los Angeles,34.110845,-118.259595,29310
90040,Los Angeles,33.994524,-118.149953,9805
90041,Los Angeles,34.137412,-118.207607,27866
90042,Los Angeles,34.11572,-118.192754,64672
90043,Los Angeles,33.988543,-118.334081,44764
90044,Los Angeles,33.952714,-118.292061,87383
90045,Los Angeles,33.954017,-118.402447,39334
90046,Los Angeles,34.108455,-118.362081,49839
90047,Los Angeles,33.958149,-118.308441,47107
90048,Los Angeles,34.072945,-118.37267,21739
90049,Los Angeles,34.091829,-118.491244,33523
90056,Los Angeles,33.987945,-118.370442,8115
90057,Los Angeles,34.061918,-118.277939,44004
90058,Los Angeles,34.001617,-118.222274,3642
90059,Los Angeles,33.927254,-118.249826,38128
90061,Los Angeles,33.92128,-118.274186,24511
90062,Los Angeles,34.003553,-118.308933,29299
90063,Los Angeles,34.044271,-118.185237,55668
90064,Los Angeles,34.037251,-118.423573,24505
90065,Los Angeles,34.108833,-118.229715,47534
90066,Los Angeles,34.002028,-118.430656,55204
90067,Los Angeles,34.057496,-118.413959,2527
90068,Los Angeles,34.137411,-118.328915,21728
90069,West Hollywood,34.093781,-118.381061,20408
90071,Los Angeles,34.052917,-118.255178,21
90077,Los Angeles,34.102084,-118.451629,10470
90201,Bell,33.970343,-118.171368,105285
90210,Beverly Hills,34.099891,-118.414338,21397
90211,Beverly Hills,34.063947,-118.383001,8321
90212,Beverly Hills,34.062095,-118.401508,11355
90220,Compton,33.88151,-118.234451,47305
90221,Compton,33.885811,-118.206459,51387
90222,Compton,33.912246,-118.236773,29825
90230,Culver City,33.993991,-118.39704,31963
90232,Culver City,34.019323,-118.391902,15195
90240,Downey,33.956228,-118.120993,24908
90241,Downey,33.940884,-118.128628,40152
90242,Downey,33.921793,-118.140588,42459
90245,El Segundo,33.917145,-118.401554,16041
90247,Gardena,33.890853,-118.297967,47758
90248,Gardena,33.876482,-118.284077,9960
90249,Gardena,33.90139,-118.315697,26442
90250,Hawthorne,33.914775,-118.348083,93315
90254,Hermosa Beach,33.86532,-118.396336,18693
90255,Huntington Park,33.97803,-118.217141,78114
90260,Lawndale,33.88856,-118.351813,33300
90262,Lynwood,33.923573,-118.200669,69850
90263,Malibu,34.037037,-118.705803,11
90265,Malibu,34.074572,-118.831181,19630
90266,Manhattan Beach,33.889632,-118.39737,33758
90270,Maywood,33.988572,-118.186565,28094
90272,Pacific Palisades,34.079449,-118.548306,22548
90274,Palos Verdes Peninsula,33.788208,-118.404955,24979
90275,Rancho Palos Verdes,33.753146,-118.367459,41263
90277,Redondo Beach,33.830453,-118.384565,34191
90278,Redondo Beach,33.873395,-118.37019,37322
90280,South Gate,33.944624,-118.192615,96267
90290,Topanga,34.115192,-118.61017,5451
90291,Venice,33.991782,-118.479229,31021
90292,Marina Del Rey,33.977468,-118.445475,18058
90293,Playa Del Rey,33.947305,-118.439841,11264
90301,Inglewood,33.956445,-118.358634,37527
90302,Inglewood,33.975332,-118.355252,30779
90303,Inglewood,33.936291,-118.332639,27778
90304,Inglewood,33.936827,-118.359824,28680
90305,Inglewood,33.958134,-118.330905,13779
90401,Santa Monica,34.015481,-118.493231,5221
90402,Santa Monica,34.035849,-118.503508,11509
90403,Santa Monica,34.031529,-118.491156,23559
90404,Santa Monica,34.026334,-118.474222,19975
90405,Santa Monica,34.005439,-118.477507,26099
90501,Torrance,33.833699,-118.314387,40705
90502,Torrance,33.833181,-118.292062,17058
90503,Torrance,33.840399,-118.353714,41979
90504,Torrance,33.867257,-118.330794,31678
90505,Torrance,33.807882,-118.347957,34873
90601,Whittier,34.007353,-118.033683,32050
90602,Whittier,33.972119,-118.020188,26265
90603,Whittier,33.945318,-117.992066,19109
90604,Whittier,33.929704,-118.01208,37887
90605,Whittier,33.960891,-118.032222,38181
90606,Whittier,33.976678,-118.065875,32148
90620,Buena Park,33.845706,-118.012204,44442
90621,Buena Park,33.874224,-117.993368,33528
90623,La Palma,33.850504,-118.039892,15505
90630,Cypress,33.818477,-118.038307,47344
90631,La Habra,33.940619,-117.9513,67354
90638,La Mirada,33.902045,-118.008961,47568
90640,Montebello,34.015217,-118.109962,62425
90650,Norwalk,33.905963,-118.08263,103214
90660,Pico Rivera,33.989524,-118.089299,63288
90670,Santa Fe Springs,33.933565,-118.062611,16271
90680,Stanton,33.801869,-117.995068,29694
90701,Artesia,33.867593,-118.080637,16398
90703,Cerritos,33.8681,-118.067402,51556
90704,Avalon,33.391181,-118.421305,3699
90706,Bellflower,33.887676,-118.127289,72893
90710,Harbor City,33.798266,-118.300237,24660
90712,Lakewood,33.840524,-118.148403,30173
90713,Lakewood,33.847755,-118.112532,27563
90715,Lakewood,33.841027,-118.078097,20890
90716,Hawaiian Gardens,33.830431,-118.074071,14852
90717,Lomita,33.794209,-118.317354,21065
90720,Los Alamitos,33.79499,-118.065591,21343
90723,Paramount,33.897122,-118.164432,55306
90731,San Pedro,33.736387,-118.284363,58639
90732,San Pedro,33.744119,-118.31448,21279
90740,Seal Beach,33.75462,-118.071128,24180
90742,Sunset Beach,33.719221,-118.073596,1107
90743,Surfside,33.728273,-118.085304,174
90744,Wilmington,33.782068,-118.262263,53323
90745,Carson,33.822295,-118.26411,55486
90746,Carson,33.859171,-118.252272,25566
90802,Long Beach,33.752524,-118.210737,38427
90803,Long Beach,33.760458,-118.129725,31352
90804,Long Beach,33.783047,-118.1486,43467
90805,Long Beach,33.864622,-118.179626,91664
90806,Long Beach,33.802664,-118.179971,49647
90807,Long Beach,33.830099,-118.182239,31556
90808,Long Beach,33.823943,-118.111335,37417
90810,Long Beach,33.819814,-118.222416,35656
90813,Long Beach,33.781086,-118.199049,63136
90814,Long Beach,33.771612,-118.143866,19034
90815,Long Beach,33.797638,-118.11662,38902
90822,Long Beach,33.778436,-118.118648,425
91001,Altadena,34.196837,-118.142236,36243
91006,Arcadia,34.137319,-118.029837,30028
91007,Arcadia,34.128284,-118.047732,30933
91010,Duarte,34.145695,-117.95982,27414
91011,La Canada Flintridge,34.234912,-118.153729,20200
91016,Monrovia,34.1528,-118.000482,41067
91020,Montrose,34.2112,-118.230625,7527
91024,Sierra Madre,34.168686,-118.057505,10558
91030,South Pasadena,34.110444,-118.156957,23984
91040,Sunland,34.282704,-118.312929,18752
91042,Tujunga,34.296574,-118.244839,26753
91101,Pasadena,34.146635,-118.139225,16812
91103,Pasadena,34.167465,-118.165327,27891
91104,Pasadena,34.165383,-118.123752,38460
91105,Pasadena,34.13946,-118.166649,10253
91106,Pasadena,34.139402,-118.128658,23742
91107,Pasadena,34.159007,-118.087353,32369
91108,San Marino,34.122671,-118.112911,13158
91201,Glendale,34.17051,-118.289463,23981
91202,Glendale,34.167926,-118.267539,21990
91203,Glendale,34.153338,-118.262974,14493
91204,Glendale,34.136306,-118.26036,17015
91205,Glendale,34.13658,-118.245839,41390
91206,Glendale,34.162515,-118.203869,31297
91207,Glendale,34.182378,-118.262922,9864
91208,Glendale,34.195386,-118.238508,16910
91214,La Crescenta,34.239636,-118.245259,29110
91301,Agoura Hills,34.129058,-118.759788,25303
91302,Calabasas,34.130861,-118.68346,23661
91303,Canoga Park,34.19829,-118.602203,23519
91304,Canoga Park,34.224377,-118.632656,49242
91306,Winnetka,34.209532,-118.577563,43857
91307,West Hills,34.199787,-118.68493,23637
91311,Chatsworth,34.294142,-118.603883,35325
91316,Encino,34.150354,-118.518292,27614
91320,Newbury Park,34.172071,-118.946262,37779
91321,Newhall,34.370378,-118.504118,30742
91324,Northridge,34.238208,-118.55029,25751
91325,Northridge,34.236683,-118.517588,32307
91326,Porter Ranch,34.281911,-118.556218,28067
91331,Pacoima,34.255442,-118.421314,97318
91335,Reseda,34.200175,-118.540958,68018
91340,San Fernando,34.286131,-118.435969,33389
91342,Sylmar,34.321621,-118.399841,81986
91343,North Hills,34.238802,-118.482296,57017
91344,Granada Hills,34.291273,-118.505104,48867
91345,Mission Hills,34.266389,-118.459744,17112
91350,Santa Clarita,34.502432,-118.41459,40077
91351,Canyon Country,34.422519,-118.420717,59259
91352,Sun Valley,34.231053,-118.338307,46639
91354,Valencia,34.457005,-118.573726,17846
91355,Valencia,34.43987,-118.644609,24977
91356,Tarzana,34.157137,-118.548511,27424
91360,Thousand Oaks,34.214054,-118.88109,42526
91361,Westlake Village,34.130992,-118.894673,18735
91362,Thousand Oaks,34.191842,-118.822796,33057
91364,Woodland Hills,34.153733,-118.593408,25988
91367,Woodland Hills,34.178068,-118.615714,36123
91377,Oak Park,34.19225,-118.776874,14814
91381,Stevenson Ranch,34.364153,-118.615583,9937
91384,Castaic,34.506627,-118.699048,22177
91401,Van Nuys,34.178483,-118.431791,40376
91402,,,,66249
91403,Sherman Oaks,34.147149,-118.463365,22085
91405,Van Nuys,34.202494,-118.448048,51348
91406,Van Nuys,34.195685,-118.490752,50047
91411,Van Nuys,34.17847,-118.459472,23646
91423,Sherman Oaks,34.146957,-118.432138,29387
91436,Encino,34.152875,-118.486056,13129
91501,Burbank,34.188339,-118.300942,18112
91502,Burbank,34.177267,-118.31003,11517
91504,Burbank,34.213049,-118.317651,25882
91505,Burbank,34.174215,-118.345928,29245
91506,Burbank,34.169706,-118.323548,18539
91601,North Hollywood,34.1692,-118.372498,36625
91602,North Hollywood,34.15136,-118.364786,16996
91604,Studio City,34.139082,-118.39275,26157
91605,North Hollywood,34.207295,-118.400022,57146
91606,North Hollywood,34.187599,-118.387125,45358
91607,Valley Village,34.165783,-118.399795,27453
91701,Rancho Cucamonga,34.132275,-117.611478,39064
91702,Azusa,34.174493,-117.87068,57775
91706,Baldwin Park,34.098275,-117.967399,76890
91709,Chino Hills,33.942895,-117.725644,66754
91710,Chino,33.990646,-117.663025,75319
91711,Claremont,34.127621,-117.717863,34716
91722,Covina,34.097345,-117.906736,33817
91723,Covina,34.084747,-117.886844,17554
91724,Covina,34.08111,-117.853935,25068
91730,Rancho Cucamonga,34.10097,-117.57882,51970
91731,El Monte,34.079934,-118.046695,30211
91732,El Monte,34.074492,-118.01462,62660
91733,South El Monte,34.04622,-118.053753,45645
91737,Rancho Cucamonga,34.245289,-117.642503,23079
91739,Rancho Cucamonga,34.133809,-117.523724,12937
91740,Glendora,34.119363,-117.855059,25135
91741,Glendora,34.14649,-117.849815,24973
91743,,,,13
91744,La Puente,34.031441,-117.936436,84965
91745,Hacienda Heights,33.998471,-117.973758,53686
91746,La Puente,34.038983,-117.991372,30802
91748,Rowland Heights,33.976753,-117.897367,46342
91750,La Verne,34.144703,-117.770299,35530
91752,Mira Loma,33.999992,-117.535395,18980
91754,Monterey Park,34.050322,-118.147037,33280
91755,Monterey Park,34.049172,-118.115022,26933
91759,Mt Baldy,34.231318,-117.662032,47
91761,Ontario,34.035602,-117.591528,56280
91762,Ontario,34.057256,-117.667677,54254
91763,Montclair,34.072121,-117.698319,34447
91764,Ontario,34.074087,-117.605618,49474
91765,Diamond Bar,33.992416,-117.807874,46532
91766,Pomona,34.042286,-117.756106,69974
91767,Pomona,34.083086,-117.737997,46626
91768,Pomona,34.067932,-117.785168,36057
91770,Rosemead,34.065108,-118.082791,61623
91773,San Dimas,34.102119,-117.815532,33878
91775,San Gabriel,34.114772,-118.089431,23444
91776,San Gabriel,34.089927,-118.095645,38041
91780,Temple City,34.101608,-118.055848,32718
91784,Upland,34.141146,-117.655583,23331
91786,Upland,34.105493,-117.660934,48827
91789,Walnut,34.018354,-117.85492,45118
91790,West Covina,34.066964,-117.937007,44099
91791,West Covina,34.061634,-117.893169,30458
91792,West Covina,34.024405,-117.898722,31622
91801,Alhambra,34.090925,-118.128164,54382
91803,Alhambra,34.074736,-118.145959,30635
91901,Alpine,32.827184,-116.703729,16486
91902,Bonita,32.67117,-117.00232,17389
91905,Boulevard,32.677097,-116.304991,1509
91906,Campo,32.673483,-116.472863,3133
91910,Chula Vista,32.636792,-117.054989,74025
91911,Chula Vista,32.607964,-117.059459,71126
91913,Chula Vista,32.64164,-116.985026,12884
91914,Chula Vista,32.688506,-116.938632,2606
91915,Chula Vista,32.605012,-116.97595,9278
91916,Descanso,32.912664,-116.635387,1587
91917,Dulzura,32.622999,-116.687855,727
91931,Guatay,32.857946,-116.561917,796
91932,Imperial Beach,32.579134,-117.119009,26662
91934,Jacumba,32.649787,-116.2237,699
91935,Jamul,32.695681,-116.798386,8759
91941,La Mesa,32.759327,-116.99726,44652
91942,La Mesa,32.782501,-117.01611,24005
91945,Lemon Grove,32.733564,-117.033713,24961
91948,Mount Laguna,32.830852,-116.444601,81
91950,National City,32.67102,-117.095235,62355
91962,Pine Valley,32.800671,-116.483363,1604
91963,Potrero,32.619465,-116.593605,905
91977,Spring Valley,32.726627,-116.994608,56100
91978,Spring Valley,32.730264,-116.950963,7863
91980,Tecate,32.587557,-116.636816,91
92003,Bonsall,33.290907,-117.202895,3849
92004,Borrego Springs,33.200369,-116.192313,2863
92007,Cardiff By The Sea,33.015866,-117.272254,10375
92008,Carlsbad,33.148116,-117.306043,35582
92009,Carlsbad,33.098018,-117.258203,43161
92014,Del Mar,32.948262,-117.256086,13945
92019,El Cajon,32.785165,-116.862648,40995
92020,El Cajon,32.79697,-116.969082,55277
92021,El Cajon,32.832706,-116.873258,61872
92024,Encinitas,33.054579,-117.25665,47126
92025,Escondido,33.081478,-117.033814,49281
92026,Escondido,33.21846,-117.116916,43436
92027,Escondido,33.141265,-116.967221,48690
92028,Fallbrook,33.362575,-117.299644,42239
92029,Escondido,33.079834,-117.134275,17944
92036,Julian,32.980678,-116.262854,3577
92037,La Jolla,32.853743,-117.25034,42617
92040,Lakeside,32.909873,-116.906774,42277
92054,Oceanside,33.351059,-117.420557,98239
92056,Oceanside,33.194742,-117.29032,52895
92057,Oceanside,33.254497,-117.285879,46893
92059,Pala,33.384345,-117.072619,1831
92060,Palomar Mountain,33.309852,-116.823091,234
92061,Pauma Valley,33.313828,-116.940501,2615
92064,Poway,32.984395,-117.013454,47969
92065,Ramona,33.044541,-116.833922,33104
92066,Ranchita,33.215251,-116.53633,339
92067,Rancho Santa Fe,33.012751,-117.200617,7615
92069,San Marcos,33.162624,-117.170863,52664
92070,Santa Ysabel,33.174725,-116.743329,1143
92071,Santee,32.847336,-116.997605,53510
92075,Solana Beach,33.001813,-117.263628,12173
92078,San Marcos,33.119028,-117.166036,6760
92082,Valley Center,33.25283,-116.986079,14575
92083,Vista,33.17494,-117.242761,62036
92084,Vista,33.22784,-117.200024,44692
92086,Warner Springs,33.323705,-116.626907,1205
92091,Rancho Santa Fe,32.99356,-117.207121,1072
92101,San Diego,32.72523,-117.171346,27505
92102,San Diego,32.716007,-117.117462,47140
92103,San Diego,32.747484,-117.166877,30202
92104,San Diego,32.741499,-117.127409,47689
92105,San Diego,32.741859,-117.090353,73006
92106,San Diego,32.71346,-117.236378,18525
92107,San Diego,32.741852,-117.243453,27959
92108,San Diego,32.774046,-117.142454,11650
92109,San Diego,32.787836,-117.232376,46086
92110,San Diego,32.76501,-117.19938,24169
92111,San Diego,32.805518,-117.169052,46828
92113,San Diego,32.697098,-117.116587,47431
92114,San Diego,32.707892,-117.05512,66838
92115,San Diego,32.762506,-117.07245,56887
92116,San Diego,32.765299,-117.122565,33083
92117,San Diego,32.825086,-117.199424,51213
92118,Coronado,32.68674,-117.186612,24093
92119,San Diego,32.802959,-117.027095,21866
92120,San Diego,32.807867,-117.060993,25569
92121,San Diego,32.898613,-117.202937,4258
92122,San Diego,32.85723,-117.209774,34902
92123,San Diego,32.808814,-117.134694,25232
92124,San Diego,32.827238,-117.089287,30206
92126,San Diego,32.886925,-117.152162,74232
92127,San Diego,33.017518,-117.118456,20046
92128,San Diego,33.000269,-117.072093,42733
92129,San Diego,32.961064,-117.134917,47224
92130,San Diego,32.957195,-117.202542,28201
92131,San Diego,32.89325,-117.087091,29283
92139,San Diego,32.677716,-117.047666,36351
92154,San Diego,32.578103,-117.012975,68776
92173,San Ysidro,32.555828,-117.040073,28488
92201,Indio,33.713891,-116.237257,56307
92203,Indio,33.752938,-116.230055,2743
92210,Indian Wells,33.537646,-116.291089,3873
92211,Palm Desert,33.762759,-116.324817,19702
92220,Banning,33.936298,-116.849577,25859
92223,Beaumont,33.946982,-116.977672,17721
92225,Blythe,33.674583,-114.71612,24659
92227,Brawley,33.03933,-115.191857,23394
92230,Cabazon,33.929812,-116.76058,2355
92231,Calexico,32.690654,-115.431225,27804
92233,Calipatria,33.143826,-115.497485,7857
92234,Cathedral City,33.829583,-116.474131,43141
92236,Coachella,33.680031,-116.171678,23170
92239,Desert Center,33.889605,-115.257009,964
92240,Desert Hot Springs,33.948558,-116.516976,22796
92241,Desert Hot Springs,33.832799,-116.250973,5529
92242,Earp,34.137742,-114.36514,1564
92243,El Centro,32.770393,-115.60915,43712
92249,Heber,32.730583,-115.501083,3535
92250,Holtville,32.811001,-115.152865,8062
92251,Imperial,32.858595,-115.662709,14546
92252,Joshua Tree,34.167236,-116.281511,8141
92253,La Quinta,33.695532,-116.310571,23971
92254,Mecca,33.543835,-115.993906,8768
92256,Morongo Valley,34.097863,-116.594561,3499
92257,Niland,33.345825,-115.596574,2753
92258,North Palm Springs,33.906496,-116.569499,732
92259,Ocotillo,32.698964,-115.886656,471
92260,Palm Desert,33.694501,-116.412711,29340
92262,Palm Springs,33.839989,-116.659215,24924
92264,Palm Springs,33.745746,-116.514215,18884
92266,Palo Verde,33.3249,-114.758334,291
92267,Parker Dam,34.273872,-114.192901,131
92268,Pioneertown,34.201108,-116.593456,354
92270,Rancho Mirage,33.763678,-116.429928,12465
92273,Seeley,32.790282,-115.689559,1632
92274,Thermal,33.53604,-116.119222,17018
92275,Salton City,33.28156,-115.955541,799
92276,Thousand Palms,33.849263,-116.382778,6242
92277,,,,17178
92278,Twentynine Palms,34.457829,-116.139589,14104
92280,,,,50
92281,Westmorland,33.03679,-115.60503,2388
92282,White Water,33.972293,-116.654195,805
92283,Winterhaven,32.852947,-114.850784,3663
92284,Yucca Valley,34.159534,-116.425984,20486
92285,Landers,34.341737,-116.539416,2182
92301,Adelanto,34.667815,-117.536183,18980
92304,Amboy,34.559882,-115.637164,42
92305,Angelus Oaks,34.1678,-116.86433,301
92307,,,,31876
92308,Apple Valley,34.424926,-117.184503,28819
92309,Baker,35.28952,-116.092214,904
92310,Fort Irwin,35.349241,-116.770281,9465
92311,Barstow,34.965648,-117.001509,31293
92313,Grand Terrace,34.029175,-117.307211,11024
92314,Big Bear City,34.278967,-116.773825,9899
92315,Big Bear Lake,34.242058,-116.89802,5447
92316,Bloomington,34.059722,-117.39104,25995
92317,,,,2150
92318,,,,227
92320,Calimesa,33.982787,-117.057627,7334
92321,Cedar Glen,34.255203,-117.175654,455
92323,,,,40
92324,Colton,34.030915,-117.273201,52202
92325,Crestline,34.248061,-117.29028,10484
92327,Daggett,34.875144,-116.821698,678
92328,Death Valley,36.27688,-117.033326,443
92332,Essex,34.9436,-115.287901,115
92333,Fawnskin,34.274846,-116.937581,414
92335,Fontana,34.087558,-117.464096,82630
92336,Fontana,34.136367,-117.460803,54586
92337,Fontana,34.049671,-117.468896,29847
92338,Ludlow,34.702766,-116.093376,23
92339,Forest Falls,34.067699,-116.903891,958
92341,Green Valley Lake,34.244411,-117.072654,317
92342,Helendale,34.757783,-117.33997,4948
92345,Hesperia,34.361387,-117.337509,68515
92346,Highland,34.129677,-117.154277,48245
92347,Hinkley,34.983808,-117.239306,1933
92352,Lake Arrowhead,34.2565,-117.19335,9793
92354,Loma Linda,34.049315,-117.255974,18068
92356,Lucerne Valley,34.508417,-116.856103,5256
92358,Lytle Creek,34.238162,-117.534306,1090
92359,Mentone,34.103578,-117.04054,7324
92363,Needles,34.711224,-114.702256,5488
92364,Nipton,35.478736,-115.516984,162
92365,,,,2899
92368,Oro Grande,34.647959,-117.296957,909
92371,Phelan,34.441123,-117.537886,12463
92372,Pinon Hills,34.459322,-117.629729,4280
92373,Redlands,34.003243,-117.138286,31230
92374,Redlands,34.064073,-117.166158,36675
92376,Rialto,34.109775,-117.378904,75882
92377,Rialto,34.156758,-117.404686,18518
92382,Running Springs,34.186211,-117.07683,5395
92384,Shoshone,35.924252,-116.188668,87
92386,Sugarloaf,34.243088,-116.830015,1834
92389,,,,117
92392,Victorville,34.486835,-117.362274,63235
92394,Victorville,34.567058,-117.362329,12083
92397,Wrightwood,34.358321,-117.618263,4253
92398,Yermo,35.013299,-116.834092,1195
92399,Yucaipa,34.04597,-117.011825,41575
92401,San Bernardino,34.105935,-117.2914,1779
92404,San Bernardino,34.183286,-117.221722,53636
92405,San Bernardino,34.142747,-117.300864,24644
92407,San Bernardino,34.250069,-117.393949,49355
92408,San Bernardino,34.084909,-117.258107,12149
92410,San Bernardino,34.106922,-117.297553,44556
92411,San Bernardino,34.122501,-117.320138,23146
92501,Riverside,33.994676,-117.372498,18999
92503,Riverside,33.890046,-117.455583,71678
92504,Riverside,33.9108,-117.398153,46550
92505,Riverside,33.920907,-117.489426,38446
92506,Riverside,33.930931,-117.361788,42425
92507,Riverside,33.976328,-117.319786,48649
92508,Riverside,33.885499,-117.324959,17147
92509,Riverside,34.004379,-117.447864,63999
92518,March Air Reserve Base,33.888323,-117.277533,1005
92530,Lake Elsinore,33.655421,-117.391751,38519
92532,Lake Elsinore,33.705836,-117.318204,4546
92536,Aguanga,33.482243,-116.827173,2433
92539,Anza,33.527605,-116.666551,3745
92543,Hemet,33.739415,-116.968339,29687
92544,Hemet,33.644585,-116.871544,39264
92545,Hemet,33.734933,-117.044145,25694
92548,Homeland,33.761894,-117.120868,4283
92549,Idyllwild,33.755039,-116.741796,3588
92551,Moreno Valley,33.88274,-117.224878,22983
92553,Moreno Valley,33.923149,-117.244933,61205
92555,Moreno Valley,33.907361,-117.109972,12743
92557,Moreno Valley,33.970661,-117.255039,46214
92561,Mountain Center,33.638645,-116.55783,1500
92562,Murrieta,33.548869,-117.334165,36149
92563,Murrieta,33.581045,-117.14719,18311
92567,Nuevo,33.82769,-117.102244,7344
92570,Perris,33.787298,-117.320676,36817
92571,Perris,33.828289,-117.201666,26357
92582,San Jacinto,33.806708,-117.02007,4456
92583,San Jacinto,33.796568,-116.924723,21349
92584,Menifee,33.653338,-117.178271,14068
92585,Sun City,33.739412,-117.173334,8692
92586,Sun City,33.707483,-117.200006,18161
92587,Sun City,33.69887,-117.25071,13151
92590,Temecula,33.475493,-117.219551,3070
92591,Temecula,33.540604,-117.10909,25655
92592,Temecula,33.507255,-117.029473,46171
92595,Wildomar,33.617108,-117.253349,19368
92596,Winchester,33.657433,-117.04254,4093
92602,Irvine,33.720359,-117.733655,2762
92604,Irvine,33.688546,-117.788091,27369
92606,Irvine,33.703976,-117.824172,17621
92610,Foothill Ranch,33.698728,-117.67768,10936
92612,Irvine,33.643095,-117.810896,41062
92614,Irvine,33.680302,-117.833296,22499
92618,Irvine,33.667145,-117.732135,6301
92620,Irvine,33.716136,-117.752574,26419
92624,Capistrano Beach,33.458754,-117.665104,7465
92625,Corona Del Mar,33.600987,-117.862734,13422
92626,Costa Mesa,33.678591,-117.905471,48207
92627,Costa Mesa,33.645672,-117.922613,62069
92629,Dana Point,33.477923,-117.705314,27730
92630,Lake Forest,33.644849,-117.684254,59176
92646,Huntington Beach,33.666301,-117.969501,56517
92647,Huntington Beach,33.723579,-118.005441,58764
92648,Huntington Beach,33.679659,-118.016195,42663
92649,Huntington Beach,33.721917,-118.043237,32304
92651,Laguna Beach,33.570023,-117.773669,25206
92653,Laguna Hills,33.606899,-117.717854,48273
92655,Midway City,33.744439,-117.98588,8660
92656,Aliso Viejo,33.571259,-117.731917,41237
92657,Newport Coast,33.603282,-117.821841,5597
92660,Newport Beach,33.634626,-117.874882,28687
92661,Newport Beach,33.601309,-117.902304,4242
92662,Newport Beach,33.606336,-117.893042,3124
92663,Newport Beach,33.62251,-117.927024,22133
92672,San Clemente,33.429488,-117.609432,34946
92673,San Clemente,33.4725,-117.584273,15297
92675,San Juan Capistrano,33.521447,-117.602555,34321
92676,Silverado,33.782346,-117.635263,1859
92677,Laguna Niguel,33.529047,-117.701175,62103
92679,Trabuco Canyon,33.631119,-117.567346,32268
92683,Westminster,33.752591,-117.993661,88230
92688,Rancho Santa Margarita,33.624654,-117.611733,42193
92691,Mission Viejo,33.611945,-117.665867,46371
92692,Mission Viejo,33.60693,-117.644253,46227
92694,Ladera Ranch,33.569186,-117.640055,350
92701,Santa Ana,33.748478,-117.858918,58157
92703,Santa Ana,33.748635,-117.906125,70011
92704,Santa Ana,33.719869,-117.907063,91188
92705,Santa Ana,33.766004,-117.786763,44117
92706,Santa Ana,33.765893,-117.881533,37879
92707,Santa Ana,33.714829,-117.872941,62634
92708,Fountain Valley,33.712036,-117.950113,54548
92780,Tustin,33.735802,-117.818805,55062
92782,Tustin,33.738543,-117.785046,17494
92801,Anaheim,33.844983,-117.952151,60553
92802,Anaheim,33.807864,-117.923782,45086
92804,Anaheim,33.818,-117.974404,81333
92805,Anaheim,33.830209,-117.906099,68802
92806,Anaheim,33.83796,-117.870494,34398
92807,Anaheim,33.848733,-117.788357,36301
92808,Anaheim,33.850452,-117.726668,19629
92821,Brea,33.930199,-117.862898,34055
92823,Brea,33.924143,-117.79387,1408
92831,Fullerton,33.879983,-117.895482,34592
92832,Fullerton,33.868316,-117.929029,24502
92833,Fullerton,33.877639,-117.961212,46105
92835,Fullerton,33.902211,-117.914922,21157
92840,Garden Grove,33.787165,-117.931889,50641
92841,Garden Grove,33.786738,-117.982564,31428
92843,Garden Grove,33.764018,-117.931507,43491
92844,Garden Grove,33.766476,-117.969795,23481
92845,Garden Grove,33.782955,-118.026456,15878
92860,Norco,33.925833,-117.559639,22443
92861,Villa Park,33.817473,-117.810462,5935
92865,Orange,33.828779,-117.848299,18058
92866,Orange,33.784597,-117.844535,15396
92867,Orange,33.81859,-117.821288,40915
92868,Orange,33.787796,-117.875928,23172
92869,Orange,33.792791,-117.789749,37916
92870,Placentia,33.881158,-117.854783,48170
92879,Corona,33.893823,-117.531446,44875
92880,Corona,33.918043,-117.617809,16998
92881,Corona,33.833686,-117.513063,21911
92882,Corona,33.819385,-117.600213,60294
92883,Corona,33.762351,-117.488725,13188
92886,Yorba Linda,33.897253,-117.792202,39458
92887,Yorba Linda,33.884073,-117.732197,20893
93001,Ventura,34.360261,-119.306383,32899
93003,Ventura,34.279221,-119.221437,46894
93004,Ventura,34.278697,-119.167798,27381
93010,Camarillo,34.227846,-119.079903,42853
93012,Camarillo,34.205504,-118.993111,24945
93013,Carpinteria,34.441398,-119.513163,17409
93015,Fillmore,34.408161,-118.865111,16013
93021,Moorpark,34.312945,-118.858169,32984
93022,Oak View,34.404544,-119.302118,6503
93023,Ojai,34.581308,-118.931948,21633
93030,Oxnard,34.223244,-119.18012,79736
93033,Oxnard,34.156629,-119.117218,77791
93035,Oxnard,34.18454,-119.224666,25322
93040,Piru,34.432843,-118.730106,1459
93041,Port Hueneme,34.110124,-119.100972,25634
93060,Santa Paula,34.402343,-119.094824,32511
93063,Simi Valley,34.296813,-118.685703,49027
93065,Simi Valley,34.269449,-118.768471,64802
93066,Somis,34.297628,-119.014627,2966
93067,Summerland,34.420998,-119.60137,576
93101,Santa Barbara,34.419203,-119.710008,31727
93103,Santa Barbara,34.438581,-119.685368,20893
93105,Santa Barbara,34.037342,-119.80079,25771
93108,Santa Barbara,34.457541,-119.631072,12741
93109,Santa Barbara,34.406256,-119.726936,10986
93110,Santa Barbara,34.437945,-119.77191,15757
93111,Santa Barbara,34.460197,-119.802602,16477
93117,Goleta,34.489983,-120.091246,49975
93201,Alpaugh,35.869626,-119.498771,1054
93202,Armona,36.315979,-119.710852,2872
93203,Arvin,35.116307,-118.817644,16206
93204,Avenal,35.916943,-120.129921,14697
93205,Bodfish,35.523991,-118.400432,1954
93206,Buttonwillow,35.451402,-119.488413,2078
93207,California Hot Springs,35.865795,-118.69759,226
93208,Camp Nelson,36.057458,-118.591951,191
93210,Coalinga,36.186867,-120.387793,18036
93212,Corcoran,36.04533,-119.532424,23506
93215,Delano,35.772244,-119.209689,37280
93216,,,,4425
93218,Ducor,35.846067,-119.004073,823
93219,Earlimart,35.858054,-119.305858,9318
93221,Exeter,36.301689,-119.018233,13333
93222,Frazier Park,34.907911,-119.234281,1526
93223,Farmersville,36.29878,-119.201028,8644
93224,Fellows,35.215731,-119.57013,626
93225,Frazier Park,34.827662,-118.999073,4498
93226,Glennville,35.735694,-118.738483,296
93230,Hanford,36.29223,-119.622676,53204
93234,Huron,36.217864,-120.080117,6918
93235,Ivanhoe,36.385818,-119.224243,4517
93238,Kernville,35.852892,-118.397782,1873
93239,Kettleman City,35.996923,-120.000951,1809
93240,Lake Isabella,35.607875,-118.466318,5564
93241,Lamont,35.245035,-118.905553,15364
93242,Laton,36.444232,-119.718285,2900
93243,Lebec,34.845861,-118.885163,1247
93244,Lemon Cove,36.462671,-118.997291,293
93245,Lemoore,36.303666,-119.825657,30419
93247,Lindsay,36.205465,-119.085807,15508
93249,Lost Hills,35.637715,-119.893068,2502
93250,Mc Farland,35.666886,-119.186717,10781
93251,Mc Kittrick,35.38381,-119.730885,302
93252,,,,4357
93254,New Cuyama,34.956577,-119.750142,798
93255,,,,655
93256,Pixley,35.957019,-119.330928,4198
93257,Porterville,36.008958,-118.891593,65566
93260,Posey,35.861928,-118.636698,266
93261,Richgrove,35.809921,-119.127437,2956
93262,Sequoia National Park,36.527243,-118.594938,56
93263,Shafter,35.490705,-119.286833,15177
93265,Springville,36.245926,-118.693138,3546
93266,Stratford,36.175255,-119.813805,1729
93267,Strathmore,36.141319,-119.129075,5689
93268,Taft,35.184837,-119.402525,14937
93270,Terra Bella,35.939068,-119.043666,5868
93271,Three Rivers,36.413433,-118.854708,2318
93272,,,,2951
93274,Tulare,36.185471,-119.375243,56101
93276,Tupman,35.316263,-119.402559,236
93277,Visalia,36.303793,-119.375646,44741
93280,Wasco,35.652242,-119.4464,22760
93282,,,,63
93283,Weldon,35.55647,-118.244914,1935
93285,Wofford Heights,35.690535,-118.552784,2515
93286,Woodlake,36.464635,-119.094348,8870
93287,Woody,35.710244,-118.881679,88
93291,Visalia,36.391777,-119.372842,36718
93292,Visalia,36.37559,-119.211689,30395
93301,Bakersfield,35.383937,-119.020428,12963
93304,Bakersfield,35.339796,-119.023552,44588
93305,Bakersfield,35.391733,-118.984109,35643
93306,Bakersfield,35.449881,-118.841442,53481
93307,Bakersfield,35.280113,-118.962329,59195
93308,Bakersfield,35.559617,-118.925185,44915
93309,Bakersfield,35.342891,-119.064803,58632
93311,Bakersfield,35.16207,-119.194488,20440
93312,Bakersfield,35.392599,-119.245341,40836
93313,Bakersfield,35.140938,-119.051348,25126
93401,San Luis Obispo,35.233745,-120.626442,27047
93402,Los Osos,35.279984,-120.824288,14859
93405,San Luis Obispo,35.236549,-120.727344,31982
93420,Arroyo Grande,35.176236,-120.483243,24499
93422,Atascadero,35.453912,-120.69461,29539
93424,Avila Beach,35.186644,-120.728305,812
93426,Bradley,35.842889,-121.004862,1363
93427,Buellton,34.631362,-120.238218,4644
93428,Cambria,35.591387,-121.032256,6526
93429,Casmalia,34.866032,-120.536546,210
93430,Cayucos,35.511833,-120.918713,3220
93432,Creston,35.480896,-120.469476,1203
93433,Grover Beach,35.120833,-120.61843,13106
93434,Guadalupe,34.936,-120.594655,5726
93435,,,,28
93436,Lompoc,34.601055,-120.382917,51737
93437,Lompoc,34.757477,-120.550507,6165
93440,Los Alamos,34.758699,-120.275839,1328
93441,Los Olivos,34.70434,-120.02609,1317
93442,Morro Bay,35.369553,-120.763864,10909
93444,Nipomo,35.050345,-120.489599,15405
93445,Oceano,35.059695,-120.604741,7435
93446,Paso Robles,35.634222,-120.728341,35586
93447,,,,804
93449,Pismo Beach,35.165668,-120.655842,8564
93450,San Ardo,35.996008,-120.85305,670
93451,San Miguel,35.886767,-120.608661,2666
93452,San Simeon,35.746484,-121.223355,471
93453,Santa Margarita,35.303926,-120.256567,2687
93454,Santa Maria,34.943523,-120.256729,30540
93455,Santa Maria,34.818227,-120.418784,37364
93458,Santa Maria,34.95934,-120.490081,43684
93460,Santa Ynez,34.630356,-120.032564,5710
93461,Shandon,35.634488,-120.293534,1255
93463,Solvang,34.624399,-120.137875,7958
93465,Templeton,35.536115,-120.739231,7918
93501,Mojave,35.097323,-118.171288,4882
93505,California City,35.151491,-117.927597,8316
93510,Acton,34.501452,-118.207862,7831
93512,Benton,37.653947,-118.231443,340
93513,Big Pine,37.245505,-118.062943,1826
93514,Bishop,37.04584,-118.397236,13309
93516,Boron,34.95703,-117.73045,2241
93517,Bridgeport,38.184583,-119.286558,826
93518,Caliente,35.358953,-118.527064,1022
93522,Darwin,36.319181,-117.593053,64
93523,Edwards,34.966777,-117.961179,7685
93526,Independence,36.869584,-118.189241,734
93527,,,,2213
93528,Johannesburg,35.363339,-117.637641,207
93529,June Lake,37.730269,-119.055813,618
93530,Keeler,36.560498,-117.962461,71
93531,Keene,35.214982,-118.59049,1436
93532,Lake Hughes,34.659579,-118.584212,2771
93534,Lancaster,34.727529,-118.153098,35109
93535,Lancaster,34.712708,-117.889656,57794
93536,Lancaster,34.741406,-118.38111,49309
93541,Lee Vining,37.890145,-119.184087,504
93543,Littlerock,34.505273,-117.955054,11198
93544,Llano,34.500091,-117.765862,1220
93545,,,,1910
93546,Mammoth Lakes,37.550074,-118.837167,8217
93549,Olancha,36.296851,-117.865469,318
93550,Palmdale,34.536232,-118.082935,67232
93551,Palmdale,34.613476,-118.256358,34045
93552,Palmdale,34.557711,-118.029441,25370
93553,Pearblossom,34.445239,-117.894868,1613
93554,Randsburg,35.405722,-117.773354,117
93555,,,,29782
93560,Rosamond,34.903052,-118.411251,14931
93561,Tehachapi,35.073777,-118.652112,25805
93562,,,,1991
93563,Valyermo,34.39583,-117.734568,413
93591,Palmdale,34.598221,-117.79593,6787
93601,Ahwahnee,37.375816,-119.739935,1968
93602,Auberry,36.991762,-119.242874,3464
93603,Badger,36.64545,-118.924982,273
93604,Bass Lake,37.458367,-119.345011,613
93605,Big Creek,37.17277,-119.2997,273
93606,Biola,36.798882,-120.019511,807
93608,Cantua Creek,36.488056,-120.407691,1766
93609,Caruthers,36.5276,-119.865999,5446
93610,Chowchilla,37.100948,-120.270136,19391
93611,Clovis,36.917652,-119.593757,46858
93612,Clovis,36.814539,-119.711868,33856
93614,Coarsegold,37.212191,-119.749323,9395
93615,Cutler,36.497895,-119.285484,5519
93616,Del Rey,36.657462,-119.595293,1965
93618,Dinuba,36.523619,-119.386868,24206
93620,Dos Palos,37.045728,-120.630682,9388
93621,Dunlap,36.789213,-119.140338,506
93622,Firebaugh,36.785618,-120.625382,9491
93623,Fish Camp,37.483535,-119.679414,77
93624,Five Points,36.397745,-120.119911,1852
93625,Fowler,36.625792,-119.672483,5635
93626,Friant,37.027663,-119.69056,1125
93627,Helm,36.520537,-120.118055,152
93628,Hume,36.807595,-118.901544,93
93630,Kerman,36.727418,-120.123526,14062
93631,Kingsburg,36.478239,-119.52137,14088
93634,Lakeshore,37.290606,-119.216328,52
93635,Los Banos,36.995162,-120.955099,29124
93637,Madera,36.902954,-120.194274,28434
93638,Madera,37.004068,-119.930027,49247
93640,,,,9174
93641,Miramonte,36.696759,-119.024051,571
93643,North Fork,37.244307,-119.470256,3376
93644,Oakhurst,37.648647,-119.231447,8521
93645,O Neals,37.140104,-119.657092,173
93646,Orange Cove,36.633498,-119.298895,8449
93647,Orosi,36.600185,-119.175655,9780
93648,Parlier,36.622237,-119.521126,12587
93650,Fresno,36.841655,-119.797113,3258
93651,Prather,37.007238,-119.505661,1314
93652,Raisin City,36.594542,-119.905245,265
93653,Raymond,37.252057,-119.95783,972
93654,Reedley,36.636638,-119.421842,25923
93656,Riverdale,36.452211,-119.94575,5729
93657,Sanger,36.819628,-119.440414,28991
93660,San Joaquin,36.600193,-120.153393,4318
93662,Selma,36.545322,-119.642281,26213
93664,Shaver Lake,37.223,-119.001021,642
93665,South Dos Palos,36.959731,-120.653519,343
93666,Sultana,36.545353,-119.338535,306
93667,Tollhouse,36.993666,-119.348267,2633
93668,Tranquillity,36.635661,-120.288644,1130
93669,Wishon,37.287758,-119.548156,327
93673,Traver,36.456091,-119.486225,646
93675,Squaw Valley,36.719141,-119.202677,3146
93701,Fresno,36.749403,-119.787574,13858
93702,Fresno,36.739385,-119.753649,47999
93703,Fresno,36.768774,-119.762633,31180
93704,Fresno,36.799648,-119.801247,26580
93705,Fresno,36.78724,-119.827813,35451
93706,Fresno,36.654614,-119.903674,35790
93710,Fresno,36.822715,-119.761826,29337
93711,Fresno,36.833002,-119.82947,36274
93720,Fresno,36.878709,-119.7645,45087
93721,Fresno,36.732694,-119.783786,6848
93722,Fresno,36.78979,-119.929894,60889
93725,Fresno,36.623632,-119.741322,21010
93726,Fresno,36.793601,-119.761131,39148
93727,Fresno,36.751489,-119.68072,54701
93728,Fresno,36.757345,-119.818274,16346
93901,Salinas,36.64152,-121.622188,35739
93905,Salinas,36.667794,-121.601306,58548
93906,Salinas,36.722898,-121.633648,53946
93907,Salinas,36.77462,-121.664714,22292
93908,Salinas,36.624338,-121.615669,13027
93920,,,,1006
93921,Carmel By The Sea,36.554618,-121.922239,2966
93923,Carmel,36.460611,-121.852507,13121
93924,Carmel Valley,36.414611,-121.6386,6691
93925,Chualar,36.596271,-121.442274,1140
93926,Gonzales,36.52588,-121.396719,9023
93927,Greenfield,36.248708,-121.386617,14204
93928,Jolon,35.930782,-121.189757,254
93930,King City,36.220761,-120.980777,14477
93932,Lockwood,35.989792,-121.055933,538
93933,Marina,36.689582,-121.758398,21759
93940,Monterey,36.362741,-121.869685,32857
93950,Pacific Grove,36.618337,-121.926417,15449
93953,Pebble Beach,36.587497,-121.944815,4602
93954,San Lucas,36.125529,-120.864443,521
93955,Seaside,36.625114,-121.823565,38244
93960,Soledad,36.414216,-121.360597,13003
93962,Spreckels,36.624641,-121.647195,407
94002,Belmont,37.509366,-122.306132,25566
94005,Brisbane,37.684694,-122.40712,3635
94010,Burlingame,37.57028,-122.365778,40346
94014,Daly City,37.691561,-122.445202,47453
94015,Daly City,37.680844,-122.48131,63337
94019,Half Moon Bay,37.45567,-122.407992,17929
94020,La Honda,37.285677,-122.224165,1622
94021,Loma Mar,37.266388,-122.26308,148
94022,Los Altos,37.349546,-122.134356,18486
94024,Los Altos,37.352911,-122.093002,21496
94025,Menlo Park,37.449551,-122.183762,39062
94027,Atherton,37.454924,-122.203168,6876
94028,Portola Valley,37.369709,-122.215844,6601
94030,Millbrae,37.601248,-122.403099,20350
94037,Montara,37.540582,-122.509594,2346
94038,Moss Beach,37.515556,-122.502311,3064
94040,Mountain View,37.380662,-122.086022,32143
94041,Mountain View,37.388349,-122.075299,13483
94043,Mountain View,37.419725,-122.062947,27822
94044,Pacifica,37.573633,-122.455167,38885
94060,Pescadero,37.22565,-122.297533,2055
94061,Redwood City,37.461251,-122.235414,35737
94062,Redwood City,37.410567,-122.297152,25569
94063,Redwood City,37.499411,-122.196318,32368
94065,Redwood City,37.527497,-122.230941,10658
94066,San Bruno,37.624436,-122.430661,39566
94070,San Carlos,37.497915,-122.267361,28098
94074,San Gregorio,37.331762,-122.341444,291
94080,South San Francisco,37.654436,-122.426468,60599
94086,Sunnyvale,37.378541,-122.020456,64010
94087,Sunnyvale,37.3511,-122.037311,50070
94089,Sunnyvale,37.421633,-122.009613,16985
94102,San Francisco,37.7795,-122.419233,28998
94103,San Francisco,37.773147,-122.411287,23036
94104,San Francisco,37.791222,-122.402241,384
94105,San Francisco,37.789168,-122.395009,2066
94107,San Francisco,37.768881,-122.395521,17372
94108,San Francisco,37.791998,-122.408653,13723
94109,San Francisco,37.794487,-122.42227,56330
94110,San Francisco,37.750021,-122.415201,74641
94111,San Francisco,37.801776,-122.402293,3337
94112,San Francisco,37.720498,-122.443119,73117
94114,San Francisco,37.758085,-122.434801,30587
94115,San Francisco,37.786031,-122.437301,33122
94116,San Francisco,37.74441,-122.486764,42959
94117,San Francisco,37.770533,-122.445121,38756
94118,San Francisco,37.781304,-122.461522,38955
94121,San Francisco,37.776718,-122.495781,42476
94122,San Francisco,37.760412,-122.484966,55504
94123,San Francisco,37.800254,-122.436975,22920
94124,San Francisco,37.731505,-122.384532,33177
94127,San Francisco,37.736535,-122.45732,20643
94129,San Francisco,37.797526,-122.464531,2240
94130,San Francisco,37.820894,-122.369725,1458
94131,San Francisco,37.746699,-122.442833,27906
94132,San Francisco,37.722302,-122.491129,26297
94133,San Francisco,37.802071,-122.411004,26831
94134,San Francisco,37.721052,-122.413573,40137
94301,Palo Alto,37.444314,-122.149996,16198
94303,Palo Alto,37.45809,-122.115398,45499
94304,Palo Alto,37.386978,-122.177746,1723
94305,Stanford,37.424342,-122.165641,13386
94306,Palo Alto,37.416159,-122.131337,24492
94401,San Mateo,37.590421,-122.306467,32488
94402,San Mateo,37.556634,-122.317723,23393
94403,San Mateo,37.538309,-122.305109,37926
94404,San Mateo,37.556094,-122.272437,31882
94501,Alameda,37.774633,-122.274434,58555
94502,Alameda,37.724817,-122.224363,13996
94506,Danville,37.791481,-121.903253,19777
94507,Alamo,37.855717,-121.994813,15187
94508,Angwin,38.542448,-122.419923,3641
94509,Antioch,37.980057,-121.801599,90891
94510,Benicia,38.113533,-122.11926,25578
94511,Bethel Island,38.050558,-121.646924,2379
94512,Birds Landing,38.140719,-121.838298,138
94513,Brentwood,37.908242,-121.682472,26577
94514,Byron,37.83323,-121.601461,10153
94515,Calistoga,38.629618,-122.593216,7384
94517,Clayton,37.881842,-121.848111,14239
94518,Concord,37.950248,-122.022455,27394
94519,Concord,37.990118,-122.012188,18650
94520,Concord,38.013825,-122.039144,36186
94521,Concord,37.971421,-121.971504,39888
94523,Pleasant Hill,37.95338,-122.076886,32685
94525,Crockett,38.049292,-122.228415,3193
94526,Danville,37.815459,-121.977203,32873
94530,El Cerrito,37.924838,-122.289145,23141
94533,Fairfield,38.287136,-122.02711,77683
94535,Travis Afb,38.265899,-121.939461,9978
94536,Fremont,37.572273,-121.964583,66543
94538,Fremont,37.505768,-121.962472,56126
94539,Fremont,37.516791,-121.899117,46917
94541,Hayward,37.674002,-122.076796,60274
94542,Hayward,37.656695,-122.048361,11147
94544,Hayward,37.639215,-122.037554,72993
94545,Hayward,37.62984,-122.120843,27311
94546,Castro Valley,37.708327,-122.083473,41698
94547,Hercules,37.991259,-122.214945,22479
94549,Lafayette,37.907777,-122.127161,23996
94550,Livermore,37.571748,-121.659562,75929
94552,Castro Valley,37.722727,-122.02157,13212
94553,Martinez,38.014457,-122.115432,46677
94555,Fremont,37.555473,-122.080312,33883
94556,Moraga,37.827946,-122.107185,16510
94558,Napa,38.489789,-122.27011,63947
94559,Napa,38.232389,-122.324944,26894
94560,Newark,37.504133,-122.032347,42491
94561,Oakley,37.999406,-121.686241,27607
94563,Orinda,37.873916,-122.20522,17964
94564,Pinole,37.996462,-122.293716,16717
94565,Pittsburg,38.006047,-121.916834,78816
94566,Pleasanton,37.633361,-121.862395,36669
94567,Pope Valley,38.672708,-122.403219,494
94568,Dublin,37.713926,-121.928425,29636
94569,Port Costa,38.035707,-122.196821,173
94571,Rio Vista,38.148862,-121.737696,5246
94572,Rodeo,38.027218,-122.23463,8506
94574,Saint Helena,38.581354,-122.296283,9423
94576,Deer Park,38.554383,-122.474773,223
94577,San Leandro,37.717196,-122.159338,41871
94578,San Leandro,37.704384,-122.126703,36568
94579,San Leandro,37.687264,-122.15728,19815
94580,San Lorenzo,37.676249,-122.132415,26240
94583,San Ramon,37.766556,-121.976784,44078
94585,Suisun City,38.197907,-122.017258,39279
94586,Sunol,37.587494,-121.862856,790
94587,Union City,37.59485,-122.051521,66472
94588,Pleasanton,37.685052,-121.912061,28568
94589,Vallejo,38.161321,-122.271588,42209
94590,Vallejo,38.104705,-122.247387,37218
94591,Vallejo,38.105733,-122.186338,51665
94592,Vallejo,38.093701,-122.276589,159
94595,Walnut Creek,37.862128,-122.075197,18024
94596,Walnut Creek,37.900662,-122.052782,40917
94598,Walnut Creek,37.916648,-122.008483,26022
94599,Yountville,38.421458,-122.365048,2873
94601,Oakland,37.776523,-122.219268,54876
94602,Oakland,37.803883,-122.208417,28900
94603,Oakland,37.739113,-122.175602,31392
94605,Oakland,37.758019,-122.138678,42854
94606,Oakland,37.792489,-122.244314,41876
94607,Oakland,37.80707,-122.297401,21054
94608,Emeryville,37.83726,-122.287648,24589
94609,Oakland,37.834341,-122.26437,21097
94610,Oakland,37.808731,-122.238708,29964
94611,Oakland,37.828416,-122.216005,36517
94612,Oakland,37.809014,-122.269739,11702
94618,Oakland,37.84551,-122.235181,15438
94619,Oakland,37.787186,-122.14633,24518
94621,Oakland,37.750553,-122.197175,30751
94702,Berkeley,37.866009,-122.286228,15638
94703,Berkeley,37.863843,-122.275684,19763
94704,Berkeley,37.871416,-122.246597,21205
94705,Berkeley,37.858898,-122.240512,12448
94706,Albany,37.890274,-122.295192,15882
94707,Berkeley,37.897753,-122.279391,11889
94708,Berkeley,37.897743,-122.263124,10737
94709,Berkeley,37.878554,-122.26609,10147
94710,Berkeley,37.872902,-122.303708,8157
94801,Richmond,37.945288,-122.383941,28450
94803,El Sobrante,37.963995,-122.288296,25399
94804,Richmond,37.921034,-122.341798,39089
94805,Richmond,37.941456,-122.320968,13984
94806,San Pablo,37.980269,-122.342635,55720
94901,San Rafael,37.972662,-122.491452,40239
94903,San Rafael,38.018065,-122.546024,28403
94904,Greenbrae,37.946617,-122.563571,12010
94920,Belvedere Tiburon,37.885629,-122.46858,13065
94922,Bodega,38.343282,-122.9755,584
94923,Bodega Bay,38.377165,-123.037957,1785
94924,Bolinas,37.943087,-122.72379,1573
94925,Corte Madera,37.924014,-122.511694,9038
94928,Rohnert Park,38.34719,-122.697822,42544
94929,Dillon Beach,38.24458,-122.956268,330
94930,Fairfax,37.971751,-122.611873,8486
94931,Cotati,38.326215,-122.718742,7936
94933,Forest Knolls,38.010092,-122.689442,1025
94937,Inverness,38.099323,-122.945723,1004
94938,Lagunitas,38.021772,-122.691744,821
94939,Larkspur,37.937082,-122.532369,6773
94940,Marshall,38.129308,-122.834815,406
94941,Mill Valley,37.901371,-122.572024,28727
94945,Novato,38.135897,-122.563683,16429
94946,Nicasio,38.065359,-122.665566,607
94947,Novato,38.112166,-122.634384,24741
94949,Novato,38.067204,-122.524004,13361
94950,Olema,38.052209,-122.775567,248
94951,Penngrove,38.325599,-122.642352,3777
94952,Petaluma,38.237018,-122.77872,31930
94954,Petaluma,38.235021,-122.557332,35419
94956,Point Reyes Station,38.060264,-122.830646,1885
94960,San Anselmo,37.99272,-122.575026,16849
94963,San Geronimo,38.00474,-122.663717,548
94964,San Quentin,37.942551,-122.491642,6448
94965,Sausalito,37.848641,-122.515692,11213
94970,Stinson Beach,37.921137,-122.657562,781
94971,Tomales,38.240769,-122.901041,384
94972,Valley Ford,38.339996,-122.935056,66
94973,Woodacre,38.005839,-122.638155,1449
95002,Alviso,37.449537,-121.994813,2147
95003,Aptos,37.013471,-121.877877,24227
95004,Aromas,36.878364,-121.629781,3373
95005,Ben Lomond,37.078873,-122.090386,6407
95006,Boulder Creek,37.171727,-122.142961,10520
95007,Brookdale,37.106902,-122.100006,1007
95008,Campbell,37.279689,-121.954567,44976
95010,Capitola,36.977025,-121.952864,9673
95012,Castroville,36.784481,-121.759054,8582
95014,Cupertino,37.306612,-122.080621,54431
95017,Davenport,37.114335,-122.237162,857
95018,Felton,37.089111,-122.062213,8728
95019,Freedom,36.936228,-121.785559,4753
95020,Gilroy,37.03889,-121.528955,49968
95023,,,,47514
95030,Los Gatos,37.222842,-121.988727,13290
95032,Los Gatos,37.233034,-121.947427,24443
95033,Los Gatos,37.160194,-121.945611,10172
95035,Milpitas,37.441931,-121.878502,62848
95037,Morgan Hill,37.161544,-121.649371,41707
95039,Moss Landing,36.863303,-121.781632,899
95041,Mount Hermon,37.051166,-122.056194,77
95043,Paicines,36.525703,-120.952122,813
95045,San Juan Bautista,36.810568,-121.503022,3402
95046,San Martin,37.084697,-121.606417,5671
95050,Santa Clara,37.351214,-121.952417,36349
95051,Santa Clara,37.348129,-121.98469,52986
95054,Santa Clara,37.393554,-121.965114,13031
95060,Santa Cruz,36.993451,-122.098858,43192
95062,Santa Cruz,36.974575,-121.991149,36631
95064,Santa Cruz,37.007882,-122.065975,4563
95065,Santa Cruz,37.031404,-121.981865,8365
95066,Scotts Valley,37.070177,-122.010077,14574
95070,Saratoga,37.257772,-122.051824,30589
95073,Soquel,37.023669,-121.946461,9823
95076,Watsonville,36.931654,-121.752383,81141
95110,San Jose,37.34667,-121.910019,18197
95111,San Jose,37.284265,-121.827673,57748
95112,San Jose,37.343827,-121.883119,52334
95113,San Jose,37.333851,-121.891147,561
95116,San Jose,37.350284,-121.852855,51706
95117,San Jose,37.311088,-121.961786,29914
95118,San Jose,37.255479,-121.889838,31926
95119,San Jose,37.233226,-121.78809,10155
95120,San Jose,37.186141,-121.843554,37090
95121,San Jose,37.304681,-121.809955,37127
95122,San Jose,37.32886,-121.834567,59841
95123,San Jose,37.238758,-121.828375,59632
95124,San Jose,37.257063,-121.923037,45257
95125,San Jose,37.294926,-121.894763,46185
95126,San Jose,37.327069,-121.916819,27023
95127,San Jose,37.375156,-121.795867,60620
95128,San Jose,37.316146,-121.936285,32804
95129,San Jose,37.305622,-122.000887,37570
95130,San Jose,37.277592,-121.986477,13481
95131,San Jose,37.387027,-121.897775,26389
95132,San Jose,37.424655,-121.74841,40568
95133,San Jose,37.371862,-121.860349,26032
95134,San Jose,37.42765,-121.945416,9657
95135,San Jose,37.28682,-121.723877,15798
95136,San Jose,37.270938,-121.851046,36944
95138,San Jose,37.246064,-121.749494,14792
95139,San Jose,37.218705,-121.762429,7023
95140,Mount Hamilton,37.382909,-121.634151,38
95148,San Jose,37.339533,-121.777179,44103
95202,Stockton,37.959706,-121.287669,7071
95203,Stockton,37.954089,-121.329761,16357
95204,Stockton,37.974498,-121.319568,30476
95205,Stockton,37.965695,-121.260051,34138
95206,Stockton,37.902422,-121.440029,49657
95207,Stockton,38.002125,-121.324979,49965
95209,Stockton,38.044523,-121.348048,30814
95210,Stockton,38.033219,-121.297433,40611
95212,Stockton,38.049457,-121.21653,6951
95215,Stockton,37.946282,-121.139499,23789
95219,Stockton,38.029729,-121.387999,19109
95220,Acampo,38.200231,-121.235034,6317
95221,,,,676
95222,Angels Camp,38.071327,-120.632221,4264
95223,Arnold,38.32153,-120.236358,5159
95224,Avery,38.208336,-120.339938,115
95225,Burson,38.183918,-120.898817,27
95226,Campo Seco,38.233879,-120.861666,75
95227,Clements,38.227285,-121.02789,722
95228,Copperopolis,37.943954,-120.67108,2633
95230,Farmington,37.956963,-120.863055,596
95231,French Camp,37.873283,-121.292034,5094
95232,Glencoe,38.358464,-120.579304,21
95233,Hathaway Pines,38.184914,-120.364085,335
95236,Linden,38.047746,-121.030499,3148
95237,Lockeford,38.166791,-121.14207,3205
95240,Lodi,38.123544,-121.159078,45755
95242,Lodi,38.128087,-121.4078,22073
95245,Mokelumne Hill,38.304194,-120.592431,2718
95246,Mountain Ranch,38.264262,-120.515133,1692
95247,Murphys,38.147852,-120.440124,4353
95249,San Andreas,38.196497,-120.61689,3930
95250,Sheep Ranch,38.244806,-120.417301,88
95251,Vallecito,38.055562,-120.456298,460
95252,Valley Springs,38.156971,-120.849231,11266
95254,Wallace,38.192608,-120.957842,304
95255,West Point,38.41935,-120.469545,2198
95257,Wilseyville,38.392686,-120.415951,435
95258,Woodbridge,38.169605,-121.310964,4176
95301,Atwater,37.321233,-120.656354,27808
95303,Ballico,37.4695,-120.672724,809
95305,Big Oak Flat,37.818589,-120.256995,167
95306,Catheys Valley,37.394411,-120.127262,986
95307,Ceres,37.553469,-120.952825,32881
95310,Columbia,38.085839,-120.37855,2144
95311,Coulterville,37.722127,-120.110174,2271
95312,Cressey,37.420273,-120.66527,55
95313,Crows Landing,37.435664,-121.049056,1508
95315,Delhi,37.422961,-120.765493,10159
95316,Denair,37.524721,-120.757977,5513
95317,El Nido,37.127386,-120.506422,808
95318,El Portal,37.654551,-119.822984,579
95320,Escalon,37.818543,-121.006907,11474
95321,Groveland,37.902968,-119.667544,3680
95322,Gustine,37.147198,-121.120161,7872
95323,Hickman,37.605926,-120.69955,1055
95324,Hilmar,37.394536,-120.890747,7177
95325,Hornitos,37.479926,-120.230424,128
95326,Hughson,37.5923,-120.853288,6822
95327,Jamestown,37.84771,-120.486589,9559
95328,Keyes,37.555631,-120.911653,2130
95329,La Grange,37.666587,-120.411517,1749
95330,Lathrop,37.80821,-121.308401,10834
95333,Le Grand,37.249377,-120.249581,3256
95334,Livingston,37.361987,-120.748394,12672
95335,Long Barn,38.109125,-120.078597,683
95336,Manteca,37.830267,-121.201018,36738
95337,Manteca,37.750822,-121.238423,19867
95338,Mariposa,37.526791,-119.99437,10226
95340,Merced,37.255637,-120.493537,59289
95345,Midpines,37.581496,-119.972762,433
95346,Mi Wuk Village,38.121601,-120.133915,1278
95348,Merced,37.40122,-120.514191,23100
95350,Modesto,37.671806,-121.007575,52872
95351,Modesto,37.621458,-121.012295,47536
95354,Modesto,37.639029,-120.964772,27135
95355,Modesto,37.672906,-120.946594,47613
95356,Modesto,37.716186,-121.025836,26055
95357,Modesto,37.670526,-120.877572,13343
95358,Modesto,37.612612,-121.108568,30668
95360,Newman,37.343846,-121.039391,8504
95361,Oakdale,37.785033,-120.776141,25384
95363,Patterson,37.410236,-121.320337,15536
95364,Pinecrest,38.224869,-119.755729,235
95365,Planada,37.329725,-120.306399,4150
95366,Ripon,37.750778,-121.13238,12646
95367,Riverbank,37.734971,-120.954271,16525
95368,Salida,37.713152,-121.08739,12466
95369,Snelling,37.521708,-120.426843,1158
95370,Sonora,37.982716,-120.343732,25340
95372,Soulsbyville,37.990574,-120.261821,1519
95374,Stevinson,37.316807,-120.855753,1960
95376,Tracy,37.680968,-121.446049,69801
95379,Tuolumne,37.939768,-120.188002,3979
95380,Turlock,37.474396,-120.875917,40545
95382,Turlock,37.529656,-120.854357,24708
95383,Twain Harte,38.107441,-120.230625,4848
95385,Vernalis,37.609095,-121.263381,274
95386,Waterford,37.669516,-120.626964,8308
95387,,,,899
95388,Winton,37.421299,-120.599587,11463
95389,,,,1750
95401,Santa Rosa,38.460517,-122.790335,36125
95403,Santa Rosa,38.488431,-122.752839,40270
95404,Santa Rosa,38.526941,-122.709096,35057
95405,Santa Rosa,38.439696,-122.668817,22250
95407,Santa Rosa,38.394091,-122.739814,30876
95409,Santa Rosa,38.468893,-122.580539,25718
95410,Albion,39.225694,-123.717354,1054
95412,Annapolis,38.731055,-123.316553,747
95415,Boonville,39.025867,-123.381544,1374
95417,Branscomb,39.710591,-123.682799,176
95419,,,,436
95420,Caspar,39.361283,-123.784599,333
95421,Cazadero,38.578807,-123.19338,1575
95422,Clearlake,38.965804,-122.631779,13485
95423,Clearlake Oaks,39.07116,-122.598542,3684
95424,,,,103
95425,Cloverdale,38.801936,-122.938935,9210
95426,Cobb,38.838088,-122.73203,1591
95427,Comptche,39.239818,-123.565432,371
95428,Covelo,39.83307,-123.178765,2296
95429,Dos Rios,39.756049,-123.358701,91
95430,Duncans Mills,38.445603,-123.063756,187
95431,Eldridge,38.348884,-122.51699,363
95432,Elk,39.108252,-123.645121,383
95436,Forestville,38.499302,-122.92444,6216
95437,Fort Bragg,39.455555,-123.683979,14417
95439,Fulton,38.493888,-122.777141,476
95441,Geyserville,38.731771,-123.064272,2349
95442,Glen Ellen,38.368744,-122.522642,4101
95443,Glenhaven,39.045246,-122.743181,175
95444,Graton,38.434362,-122.86891,390
95445,Gualala,38.848082,-123.50608,1916
95446,Guerneville,38.52576,-123.013347,4913
95448,Healdsburg,38.618347,-122.908422,17979
95449,Hopland,38.93706,-123.118111,1373
95450,Jenner,38.505995,-123.187019,438
95451,Kelseyville,38.93496,-122.792243,9902
95452,Kenwood,38.419525,-122.521585,1653
95453,Lakeport,39.080469,-122.955176,11180
95454,Laytonville,39.806141,-123.531098,2706
95456,Little River,39.245911,-123.77214,882
95457,Lower Lake,38.925545,-122.549083,2644
95458,Lucerne,39.141934,-122.770679,3002
95459,Manchester,38.966713,-123.586412,586
95460,Mendocino,39.305545,-123.743697,2229
95461,Middletown,38.787446,-122.58675,7789
95462,Monte Rio,38.471049,-123.015549,1537
95463,Navarro,39.182916,-123.552571,148
95464,Nice,39.12334,-122.838198,2223
95465,Occidental,38.415003,-122.998726,1880
95466,Philo,39.094102,-123.500853,1113
95468,Point Arena,38.911299,-123.609588,1352
95469,Potter Valley,39.408634,-123.045516,1884
95470,Redwood Valley,39.298065,-123.25211,5995
95471,Rio Nido,38.522328,-122.97932,298
95472,Sebastopol,38.398815,-122.861923,31266
95476,Sonoma,38.25485,-122.461799,34314
95480,,,,30
95481,,,,109
95482,Ukiah,39.134075,-123.23422,30988
95485,Upper Lake,39.220368,-122.907693,2344
95488,Westport,39.724433,-123.767578,309
95490,Willits,39.492046,-123.375818,13472
95492,Windsor,38.527297,-122.810044,23701
95493,Witter Springs,39.222323,-122.985488,240
95494,Yorkville,38.888351,-123.239647,335
95497,The Sea Ranch,38.696659,-123.436861,752
95501,Eureka,40.796621,-124.15428,23224
95502,Eureka,40.737431,-124.108897,183
95503,,,,23570
95511,Alderpoint,40.166028,-123.584144,261
95514,Blocksburg,40.309088,-123.668201,199
95519,Mckinleyville,40.965011,-124.015255,15921
95521,Arcata,40.839958,-124.003757,19596
95524,Bayside,40.825486,-124.049485,1689
95525,Blue Lake,40.94338,-123.831799,1584
95526,Bridgeville,40.372532,-123.525626,695
95527,Burnt Ranch,40.854512,-123.450097,485
95528,Carlotta,40.497283,-123.93037,1072
95531,,,,23792
95536,Ferndale,40.4785,-124.301372,2965
95537,Fields Landing,40.726949,-124.217378,228
95540,Fortuna,40.584991,-124.121504,12241
95542,Garberville,40.057784,-123.679461,2423
95543,Gasquet,41.867908,-123.794144,532
95545,Honeydew,40.342928,-124.063329,82
95546,Hoopa,41.163637,-123.704841,3041
95547,Hydesville,40.557314,-124.081662,1201
95548,Klamath,41.572813,-124.035011,1215
95549,Kneeland,40.664483,-123.865325,264
95550,Korbel,40.7666,-123.80458,155
95551,Loleta,40.665952,-124.240051,1447
95552,Mad River,40.390301,-123.412327,265
95553,Miranda,40.210895,-123.86,867
95554,Myers Flat,40.267158,-123.805913,644
95555,Orick,41.336354,-124.044354,494
95556,Orleans,41.269521,-123.546958,574
95558,Petrolia,40.274302,-124.210902,300
95559,Phillipsville,40.184094,-123.745487,163
95560,Redway,40.142256,-123.852927,1851
95562,Rio Dell,40.485849,-124.163234,3284
95563,Salyer,40.89866,-123.539754,660
95564,Samoa,40.809636,-124.189977,395
95565,Scotia,40.440636,-124.098739,1125
95567,Smith River,41.950683,-124.097094,2020
95568,Somes Bar,41.444606,-123.471895,202
95569,Redcrest,40.363446,-123.835041,400
95570,Trinidad,41.162295,-124.027381,2369
95571,Weott,40.310119,-123.909449,270
95573,Willow Creek,40.949012,-123.655847,1666
95585,Leggett,39.873371,-123.741474,321
95587,,,,200
95589,Piercy,39.955587,-123.681175,743
95595,Zenia,40.170357,-123.417298,259
95601,Amador City,38.431407,-120.8421,222
95602,Auburn,38.99003,-121.114408,18197
95603,Auburn,38.912881,-121.082766,24944
95605,West Sacramento,38.592745,-121.540036,12756
95606,Brooks,38.809804,-122.241383,382
95607,Capay,38.681651,-122.130569,262
95608,Carmichael,38.626128,-121.328011,58830
95610,Citrus Heights,38.69508,-121.271616,43718
95612,Clarksburg,38.384648,-121.578701,1417
95613,,,,49
95614,Cool,38.880622,-120.973865,3674
95615,Courtland,38.311609,-121.554034,699
95616,Davis,38.508735,-121.678813,67411
95618,Davis,38.544002,-121.685559,648
95619,Diamond Springs,38.683605,-120.811852,4426
95620,Dixon,38.392821,-121.799917,18529
95621,Citrus Heights,38.69549,-121.307864,41636
95623,El Dorado,38.63153,-120.842609,4097
95624,Elk Grove,38.434138,-121.30587,38534
95625,Elmira,38.349195,-121.902943,171
95626,Elverta,38.734997,-121.463719,6197
95627,Esparto,38.834469,-122.127193,2756
95628,Fair Oaks,38.652065,-121.25441,40750
95629,Fiddletown,38.513484,-120.704613,850
95630,Folsom,38.672638,-121.147403,51855
95631,Foresthill,39.031876,-120.811141,5714
95632,Galt,38.274451,-121.259201,24194
95633,Garden Valley,38.852544,-120.837669,2536
95634,Georgetown,38.9386,-120.785514,2723
95635,Greenwood,38.921333,-120.897718,1140
95636,Grizzly Flats,38.636102,-120.522149,659
95637,Guinda,38.830739,-122.196202,228
95638,Herald,38.313447,-121.123886,1745
95639,Hood,38.375325,-121.507935,213
95640,Ione,38.33788,-120.954202,9752
95641,Isleton,38.154823,-121.601358,2010
95642,Jackson,38.336216,-120.76901,6202
95645,Knights Landing,38.875508,-121.765866,1793
95646,Kirkwood,38.631489,-120.015167,129
95648,Lincoln,38.922812,-121.312005,15286
95650,Loomis,38.809175,-121.171375,11191
95651,Lotus,38.815515,-120.916997,485
95653,Madison,38.674276,-121.961866,844
95655,Mather,38.549822,-121.266725,929
95658,Newcastle,38.883224,-121.15918,6096
95659,Nicolaus,38.788898,-121.608624,751
95660,North Highlands,38.671295,-121.388251,32202
95661,Roseville,38.736685,-121.251984,25173
95662,Orangevale,38.689174,-121.218435,32040
95663,Penryn,38.859093,-121.182872,2048
95664,Pilot Hill,38.803731,-121.043799,1173
95665,Pine Grove,38.400264,-120.641274,4354
95666,Pioneer,38.546999,-120.271114,5501
95667,Placerville,38.733714,-120.795213,34146
95668,Pleasant Grove,38.833554,-121.498102,901
95669,Plymouth,38.489273,-120.891614,2220
95670,Rancho Cordova,38.602723,-121.279913,49729
95672,Rescue,38.724322,-120.991237,3815
95673,Rio Linda,38.688764,-121.457596,14010
95674,Rio Oso,38.954144,-121.482536,947
95675,River Pines,38.545775,-120.743325,364
95676,,,,383
95677,Rocklin,38.7904,-121.236973,21510
95678,Roseville,38.759751,-121.288545,30614
95681,Sheridan,38.984756,-121.345074,1219
95682,Shingle Springs,38.598936,-120.963092,24738
95683,Sloughhouse,38.470423,-121.114897,4731
95684,Somerset,38.606703,-120.586659,2958
95685,Sutter Creek,38.432145,-120.77069,4610
95686,Thornton,38.157794,-121.520223,1472
95687,Vacaville,38.333133,-121.920151,63157
95688,Vacaville,38.419088,-122.024568,32564
95689,Volcano,38.481902,-120.603668,1273
95690,Walnut Grove,38.240419,-121.587535,2344
95691,West Sacramento,38.627951,-121.593287,19050
95692,Wheatland,39.043387,-121.409837,3600
95693,Wilton,38.392559,-121.225093,5889
95694,Winters,38.578604,-122.024579,8406
95695,Woodland,38.71967,-121.862416,38547
95701,Alta,39.218096,-120.79153,751
95703,Applegate,38.983388,-120.988814,1526
95709,Camino,38.748316,-120.675512,4829
95713,Colfax,39.084645,-120.894014,8525
95714,Dutch Flat,39.197215,-120.83679,350
95715,Emigrant Gap,39.23754,-120.720196,185
95717,Gold Run,39.170376,-120.838404,407
95720,Kyburz,38.766036,-120.209673,183
95721,Echo Lake,38.851842,-120.076204,69
95722,Meadow Vista,39.003358,-121.022539,3747
95726,Pollock Pines,38.733908,-120.453416,8577
95728,Soda Springs,39.279068,-120.414275,88
95735,Twin Bridges,38.805481,-120.13287,25
95736,Weimar,39.00978,-120.978273,31
95742,Rancho Cordova,38.591134,-121.161585,299
95746,Granite Bay,38.749466,-121.184196,20675
95747,Roseville,38.784329,-121.373245,25418
95758,Elk Grove,38.35363,-121.44195,47065
95762,El Dorado Hills,38.684437,-121.055634,22028
95765,Rocklin,38.823278,-121.281856,15494
95776,Woodland,38.694081,-121.694431,15022
95814,Sacramento,38.584505,-121.491956,16599
95815,Sacramento,38.608405,-121.449942,25355
95816,Sacramento,38.574856,-121.46504,16164
95817,Sacramento,38.550722,-121.457314,14966
95818,Sacramento,38.556306,-121.495817,21313
95819,Sacramento,38.567594,-121.437507,15975
95820,Sacramento,38.53508,-121.444144,37031
95821,Sacramento,38.625096,-121.383658,35426
95822,Sacramento,38.512569,-121.495184,44683
95823,Sacramento,38.475465,-121.443625,72199
95824,Sacramento,38.517295,-121.439819,30580
95825,Sacramento,38.590035,-121.412455,30715
95826,Sacramento,38.542532,-121.378826,38818
95827,Sacramento,38.549185,-121.328386,19611
95828,Sacramento,38.486938,-121.395805,54880
95829,Sacramento,38.486502,-121.334051,11396
95830,Sacramento,38.490508,-121.284171,592
95831,Sacramento,38.494832,-121.529447,42832
95832,Sacramento,38.445939,-121.496855,9063
95833,Sacramento,38.619049,-121.517552,31422
95834,Sacramento,38.646209,-121.52446,8403
95835,Sacramento,38.685069,-121.543709,854
95836,,,,16
95837,Sacramento,38.691607,-121.602284,264
95838,Sacramento,38.646096,-121.442433,34894
95841,Sacramento,38.660442,-121.346321,20993
95842,Sacramento,38.687367,-121.34848,31373
95843,Antelope,38.715498,-121.363411,36432
95864,Sacramento,38.585826,-121.376263,23362
95901,Marysville,39.19514,-121.503883,38091
95903,Beale Afb,39.125311,-121.392283,5654
95910,Alleghany,39.467828,-120.841386,118
95912,Arbuckle,38.982373,-122.047751,4796
95913,,,,218
95914,Bangor,39.396585,-121.38029,626
95916,Berry Creek,39.657228,-121.37778,1279
95917,Biggs,39.457388,-121.818201,3169
95918,Browns Valley,39.292334,-121.320597,1477
95919,Brownsville,39.440687,-121.263583,1237
95920,Butte City,39.449794,-121.936372,303
95922,Camptonville,39.432127,-121.099287,632
95923,Canyon Dam,40.171312,-121.120605,86
95925,Challenge,39.461768,-121.195825,262
95926,Chico,39.745712,-121.84333,35808
95928,Chico,39.681488,-121.83721,32848
95930,Clipper Mills,39.562239,-121.14836,282
95932,Colusa,39.273096,-122.050763,7503
95934,Crescent Mills,40.080342,-120.957805,178
95935,Dobbins,39.381174,-121.21191,614
95936,Downieville,39.578792,-120.780786,404
95937,Dunnigan,38.931425,-121.946081,19
95938,Durham,39.607831,-121.777959,3524
95939,Elk Creek,39.53222,-122.594879,587
95941,Forbestown,39.531028,-121.24807,452
95942,Forest Ranch,40.077028,-121.494168,1351
95943,Glenn,39.597975,-122.032248,1454
95944,Goodyears Bar,39.564113,-120.868836,76
95945,Grass Valley,39.194539,-120.988066,23990
95946,Penn Valley,39.203817,-121.19584,9752
95947,Greenville,40.160386,-120.835428,2064
95948,Gridley,39.346898,-121.759537,9763
95949,Grass Valley,39.099204,-121.137962,17922
95950,Grimes,39.033058,-121.895718,531
95951,Hamilton City,39.732767,-122.042298,1931
95953,Live Oak,39.258746,-121.77697,8695
95954,Magalia,39.933852,-121.584371,11168
95955,Maxwell,39.281194,-122.226568,1146
95956,Meadow Valley,39.937017,-121.058043,301
95957,Meridian,39.068071,-121.832638,776
95959,Nevada City,39.333737,-120.858667,17269
95960,North San Juan,39.423046,-120.984472,565
95961,Olivehurst,39.082568,-121.55325,6439
95962,Oregon House,39.342587,-121.249833,1519
95963,Orland,39.748037,-122.302169,13706
95965,Oroville,39.624561,-121.552866,17782
95966,Oroville,39.473896,-121.415927,28382
95968,Palermo,39.435756,-121.552071,1254
95969,Paradise,39.69676,-121.644379,28318
95970,Princeton,39.424957,-122.039307,495
95971,Quincy,39.971228,-121.041166,6189
95972,,,,140
95973,Chico,39.903272,-121.843567,26971
95974,Richvale,39.495768,-121.747472,74
95975,Rough And Ready,39.225634,-121.156163,1601
95977,Smartville,39.176595,-121.291692,963
95978,Stirling City,39.904002,-121.527823,28
95979,Stonyford,39.288127,-122.415841,844
95981,Strawberry Valley,39.58458,-121.093256,101
95982,Sutter,39.172777,-121.805845,3193
95983,Taylorsville,40.053684,-120.743116,513
95984,Twain,40.022184,-121.062384,73
95986,Washington,39.34128,-120.786867,145
95987,Williams,39.117537,-122.284654,4579
95988,Willows,39.493991,-122.286363,8812
95991,Yuba City,39.02741,-121.614982,34967
95993,Yuba City,39.075694,-121.70606,27786
96001,Redding,40.587919,-122.464732,31586
96002,Redding,40.527834,-122.318749,30338
96003,Redding,40.677649,-122.29467,41476
96006,Adin,41.171578,-120.913161,615
96007,Anderson,40.448632,-122.306657,21418
96008,Bella Vista,40.722733,-122.109666,899
96009,Bieber,41.083464,-121.107929,595
96010,Big Bar,40.775272,-123.287414,269
96011,Big Bend,41.096569,-121.879082,265
96013,Burney,40.946785,-121.719489,4552
96014,Callahan,41.388397,-122.794636,290
96015,Canby,41.486953,-120.913975,417
96016,Cassel,40.936285,-121.572692,344
96017,Castella,41.121108,-122.336613,228
96019,Shasta Lake,40.692523,-122.369876,6277
96020,Chester,40.243494,-121.154733,2664
96021,Corning,39.913777,-122.289984,13840
96022,Cottonwood,40.336392,-122.448533,12348
96023,Dorris,41.949216,-122.050062,1162
96024,Douglas City,40.586588,-122.903677,960
96025,Dunsmuir,41.212695,-122.392067,2602
96027,Etna,41.405193,-123.008567,2156
96028,Fall River Mills,41.017282,-121.468945,1902
96029,Flournoy,39.84784,-122.544556,84
96031,Forks Of Salmon,41.232128,-123.194748,170
96032,,,,2345
96033,French Gulch,40.740138,-122.587476,373
96034,Gazelle,41.411315,-122.697236,392
96035,Gerber,40.03194,-122.176023,3357
96037,Greenview,41.528541,-122.955018,295
96038,Grenada,41.599978,-122.539381,616
96039,Happy Camp,41.831901,-123.487478,1294
96040,Hat Creek,40.789799,-121.474529,397
96041,,,,2511
96044,Hornbrook,41.962127,-122.527696,1026
96046,Hyampom,40.648024,-123.465088,268
96047,Igo,40.524535,-122.647172,911
96048,Junction City,40.913192,-123.06597,734
96050,Klamath River,41.816595,-122.948287,482
96051,Lakehead,40.883853,-122.418258,1236
96052,Lewiston,40.704293,-122.803899,1845
96054,Lookout,41.280478,-121.160249,386
96055,Los Molinos,40.059385,-122.091481,3756
96056,Mcarthur,41.10831,-121.360362,1554
96057,Mccloud,41.251322,-122.105209,1586
96058,Macdoel,41.769709,-121.92063,816
96059,Manton,40.426679,-121.850421,598
96061,Mill Creek,40.331975,-121.460674,78
96062,Millville,40.531257,-122.148139,830
96063,Mineral,40.408796,-121.579609,124
96064,,,,4592
96065,Montgomery Creek,40.877552,-121.885884,431
96067,Mount Shasta,41.33832,-122.290756,7309
96068,Nubieber,41.082472,-121.195215,240
96069,Oak Run,40.689243,-122.037023,829
96071,Old Station,40.656287,-121.428965,182
96073,Palo Cedro,40.582399,-122.195512,4931
96074,Paskenta,39.884395,-122.587513,263
96075,Paynes Creek,40.343213,-121.815412,433
96076,Platina,40.367964,-122.937379,215
96080,Red Bluff,40.186772,-122.388361,26438
96084,Round Mountain,40.923558,-122.059933,459
96085,Scott Bar,41.737962,-123.07557,88
96086,Seiad Valley,41.924174,-123.260788,332
96087,Shasta,40.617614,-122.512861,528
96088,Shingletown,40.497441,-121.827524,4231
96090,Tehama,40.021787,-122.127576,405
96091,Trinity Center,41.081847,-122.700545,734
96092,Vina,39.955164,-122.018567,439
96093,Weaverville,40.759401,-122.939337,3749
96094,Weed,41.465121,-122.380947,5896
96096,Whitmore,40.637105,-121.906949,843
96097,Yreka,41.764869,-122.671316,9538
96101,Alturas,41.468877,-120.54229,5096
96103,Blairsden Graeagle,39.783747,-120.661032,1839
96104,Cedarville,41.505916,-120.152505,857
96105,Chilcoot,39.872961,-120.198876,650
96106,Clio,39.745805,-120.580882,88
96107,Coleville,38.42528,-119.475741,1332
96108,Davis Creek,41.750354,-120.403885,104
96109,Doyle,40.012675,-120.101857,1177
96110,Eagleville,41.280341,-120.150381,132
96112,Fort Bidwell,41.932207,-120.135941,231
96113,Herlong,40.198234,-120.18089,946
96114,Janesville,40.294034,-120.512622,3093
96115,,,,124
96116,Likely,41.266008,-120.490731,277
96117,Litchfield,40.507272,-120.338228,385
96118,Loyalton,39.637471,-120.226338,1822
96119,Madeline,41.042003,-120.506086,85
96120,Markleeville,38.735789,-119.85798,957
96121,Milford,40.181279,-120.392967,481
96122,Portola,39.786755,-120.445626,4236
96123,Ravendale,40.845738,-120.322219,61
96124,Calpine,39.672813,-120.456699,322
96125,Sierra City,39.600599,-120.636358,348
96126,Sierraville,39.559709,-120.345639,227
96128,Standish,40.346634,-120.386422,408
96130,Susanville,40.559177,-120.612113,19440
96132,Termo,41.027281,-120.669427,72
96133,Topaz,38.636052,-119.489162,116
96134,Tulelake,41.813521,-121.492666,2595
96136,Wendel,40.345949,-120.081187,162
96137,Westwood,40.271535,-121.018087,4158
96140,Carnelian Bay,39.227434,-120.091806,1943
96141,Homewood,39.117018,-120.212535,858
96142,Tahoma,39.061227,-120.179546,1291
96143,Kings Beach,39.246654,-120.029273,4806
96145,Tahoe City,39.178337,-120.162806,4002
96146,Olympic Valley,39.191797,-120.212401,942
96148,Tahoe Vista,39.24124,-120.054765,678
96150,South Lake Tahoe,38.911577,-120.106169,33038
96161,,,,15783